SET @OLD_UNIQUE_CHECKS=@@UNIQUE_CHECKS, UNIQUE_CHECKS=0;
SET @OLD_FOREIGN_KEY_CHECKS=@@FOREIGN_KEY_CHECKS, FOREIGN_KEY_CHECKS=0;
SET @OLD_SQL_MODE=@@SQL_MODE, SQL_MODE='TRADITIONAL,ALLOW_INVALID_DATES';

-- -----------------------------------------------------
-- Table `users`
-- -----------------------------------------------------
INSERT INTO `users` VALUES (1,'demo_user_1','$2y$10$YGrnNg9aWveISimj.70mJOhjdUI14ZSSoWAccUBa9Pz8YJcvotbJS','demo1@local.dev',NULL,'2019-03-09 01:04:26',NULL,NULL,NULL,'2019-03-09 01:04:15');
INSERT INTO `users` VALUES (2,'demo_user_2','$2y$10$YGrnNg9aWveISimj.70mJOhjdUI14ZSSoWAccUBa9Pz8YJcvotbJS','demo2@local.dev',NULL,'2019-03-09 01:04:26',NULL,NULL,NULL,'2019-03-09 01:04:15');
INSERT INTO `users` VALUES (3,'demo_user_3','$2y$10$YGrnNg9aWveISimj.70mJOhjdUI14ZSSoWAccUBa9Pz8YJcvotbJS','demo3@local.dev',NULL,'2019-03-09 01:04:26',NULL,NULL,NULL,'2019-03-09 01:04:15');
INSERT INTO `users` VALUES (4,'demo_user_4','$2y$10$YGrnNg9aWveISimj.70mJOhjdUI14ZSSoWAccUBa9Pz8YJcvotbJS','demo4@local.dev',NULL,'2019-03-09 01:04:26',NULL,NULL,NULL,'2019-03-09 01:04:15');
INSERT INTO `users` VALUES (5,'demo_user_5','$2y$10$YGrnNg9aWveISimj.70mJOhjdUI14ZSSoWAccUBa9Pz8YJcvotbJS','demo5@local.dev',NULL,'2019-03-09 01:04:26',NULL,NULL,NULL,'2019-03-09 01:04:15');

-- -----------------------------------------------------
-- Table `images`
-- -----------------------------------------------------
INSERT INTO `images` (`id`,`description`,`users_id`,`created_at`,`modified_at`,`filename`)
VALUES
(1,"pede. Cras vulputate velit eu sem.",1,"2017-11-20 11:53:48","2019-08-19 02:12:48","1.jpg"),
(2,"nunc nulla vulputate dui, nec tempus mauris erat",1,"2013-02-21 02:06:09","2013-09-29 14:09:45","2.jpg"),
(3,"rhoncus. Proin nisl sem, consequat nec, mollis",1,"2013-12-30 22:13:55","2018-02-11 22:19:28","3.jpg"),
(4,"mi lacinia mattis. Integer eu lacus.",1,"2014-07-13 05:40:45","2017-07-10 20:47:34","4.jpg"),
(5,"at, velit. Cras lorem lorem, luctus ut, pellentesque eget, dictum",1,"2015-11-24 02:13:11","2013-12-21 08:14:28","5.jpg"),
(6,"facilisis facilisis, magna tellus faucibus",1,"2015-05-04 19:34:39","2018-05-17 05:20:47","6.jpg"),
(7,"vulputate ullamcorper magna. Sed eu eros.",1,"2014-01-18 20:33:54","2011-10-23 07:49:27","7.jpg"),
(8,"sodales elit erat vitae risus. Duis a",1,"2014-05-16 12:16:27","2017-04-20 09:42:42","8.jpg"),
(9,"sit amet, risus. Donec nibh enim,",1,"2011-07-02 06:48:58","2012-12-06 03:38:56","9.jpg"),
(10,"nostra, per inceptos hymenaeos. Mauris ut quam vel sapien",1,"2018-04-03 18:53:33","2016-11-23 21:29:06","10.jpg");
INSERT INTO `images` (`id`,`description`,`users_id`,`created_at`,`modified_at`,`filename`)
VALUES
(11,"Mauris vestibulum, neque sed dictum eleifend, nunc",2,"2013-07-25 00:34:19","2017-02-12 11:23:11","11.jpg"),
(12,"lorem, vehicula et, rutrum eu, ultrices sit amet,",2,"2018-08-10 15:11:07","2015-09-03 07:44:32","12.jpg"),
(13,"neque pellentesque massa lobortis ultrices. Vivamus",2,"2010-04-07 23:50:47","2013-11-06 16:07:36","13.jpg"),
(14,"ipsum. Suspendisse non leo. Vivamus nibh dolor, nonummy ac,",2,"2013-02-04 07:28:08","2010-10-08 18:49:26","14.jpg"),
(15,"risus. Nunc ac sem ut dolor dapibus gravida.",2,"2013-03-21 07:41:46","2018-08-08 20:53:13","15.jpg"),
(16,"sit amet, consectetuer adipiscing elit.",2,"2016-01-24 11:52:44","2016-03-23 03:24:59","16.jpg"),
(17,"dolor dolor, tempus non,",2,"2011-12-17 07:52:34","2019-06-16 21:43:11","17.jpg"),
(18,"sit amet ultricies sem magna nec quam. Curabitur vel lectus.",2,"2014-03-11 05:07:42","2018-04-28 15:22:17","18.jpg"),
(19,"amet, risus. Donec nibh enim,",2,"2010-11-15 00:40:41","2010-05-19 16:14:39","19.jpg"),
(20,"dictum eleifend, nunc risus varius orci, in consequat enim",2,"2012-04-12 17:27:41","2017-09-02 17:30:15","20.jpg");
INSERT INTO `images` (`id`,`description`,`users_id`,`created_at`,`modified_at`,`filename`)
VALUES
(21,"mi. Aliquam gravida mauris ut mi.",3,"2016-06-29 09:23:29","2012-08-24 01:54:11","21.jpg"),
(22,"aliquet nec, imperdiet nec,",3,"2015-11-15 09:46:57","2017-06-30 12:40:33","22.jpg"),
(23,"interdum ligula eu enim. Etiam imperdiet dictum magna.",3,"2010-07-22 17:17:17","2012-12-13 21:25:26","23.jpg"),
(24,"felis ullamcorper viverra. Maecenas",3,"2017-04-07 01:48:22","2012-01-01 11:25:36","24.jpg"),
(25,"Sed pharetra, felis eget varius ultrices, mauris",3,"2015-09-28 00:38:03","2014-05-30 09:05:30","25.jpg"),
(26,"dui. Fusce diam nunc,",3,"2014-01-13 03:20:54","2012-07-16 20:53:39","26.jpg"),
(27,"tellus eu augue porttitor interdum. Sed auctor odio a",3,"2015-11-05 17:52:38","2013-03-06 17:03:41","27.jpg"),
(28,"sodales elit erat",3,"2016-06-05 07:42:34","2017-02-18 23:24:39","28.jpg"),
(29,"malesuada malesuada. Integer id magna et ipsum",3,"2010-06-21 18:09:14","2018-09-01 06:22:36","29.jpg"),
(30,"non dui nec urna suscipit nonummy. Fusce",3,"2015-08-30 08:23:16","2014-11-08 08:38:38","30.jpg");
INSERT INTO `images` (`id`,`description`,`users_id`,`created_at`,`modified_at`,`filename`)
VALUES
(31,"adipiscing, enim mi tempor lorem, eget",4,"2011-05-25 09:24:59","2014-08-09 19:28:13","31.jpg"),
(32,"ut lacus. Nulla tincidunt, neque vitae",4,"2016-01-06 23:08:51","2014-04-25 05:26:36","32.jpg"),
(33,"facilisis. Suspendisse commodo tincidunt nibh. Phasellus nulla. Integer",4,"2013-12-27 21:01:44","2015-04-04 09:01:44","33.jpg"),
(34,"erat vitae risus. Duis a mi fringilla mi",4,"2013-02-02 08:59:53","2019-01-09 22:11:18","34.jpg"),
(35,"purus, accumsan interdum libero dui nec",4,"2010-04-04 00:37:40","2016-02-17 14:33:48","35.jpg"),
(36,"vel nisl. Quisque fringilla euismod enim.",4,"2015-03-22 02:09:47","2012-01-18 04:41:03","36.jpg"),
(37,"vulputate, posuere vulputate, lacus. Cras interdum. Nunc sollicitudin",4,"2014-04-26 19:16:07","2018-12-02 07:03:00","37.jpg"),
(38,"Integer in magna.",4,"2012-12-03 06:34:49","2010-07-02 21:47:29","38.jpg"),
(39,"augue id ante dictum cursus. Nunc mauris",4,"2018-10-29 21:01:53","2019-04-02 23:10:30","39.jpg"),
(40,"neque tellus, imperdiet non,",4,"2018-04-09 22:05:33","2015-12-02 17:35:23","40.jpg");
INSERT INTO `images` (`id`,`description`,`users_id`,`created_at`,`modified_at`,`filename`)
VALUES
(41,"dui quis accumsan convallis, ante lectus convallis est,",5,"2012-08-18 09:41:19","2014-08-20 15:06:56","41.jpg"),
(42,"volutpat ornare, facilisis eget, ipsum. Donec sollicitudin adipiscing",5,"2012-04-08 14:10:52","2011-04-28 19:24:17","42.jpg"),
(43,"mus. Donec dignissim",5,"2018-01-14 12:44:32","2014-02-24 11:41:13","43.jpg"),
(44,"eu, placerat eget, venenatis a, magna. Lorem",5,"2011-09-16 02:56:18","2010-07-31 15:14:07","44.jpg"),
(45,"aliquet magna a",5,"2016-10-15 09:35:19","2014-06-30 02:23:56","45.jpg"),
(46,"Phasellus fermentum convallis ligula. Donec luctus aliquet odio. Etiam ligula",5,"2013-10-26 02:09:07","2012-12-13 14:31:10","46.jpg"),
(47,"Nam tempor diam",5,"2014-02-23 09:14:43","2019-08-06 14:02:35","47.jpg"),
(48,"eu neque pellentesque massa lobortis ultrices. Vivamus rhoncus. Donec est.",5,"2016-08-25 01:42:08","2017-05-20 05:30:30","48.jpg"),
(49,"dui lectus rutrum",5,"2010-03-10 02:19:10","2014-09-03 07:41:13","49.jpg"),
(50,"ante ipsum primis",5,"2017-01-31 07:41:18","2011-03-27 17:35:07","50.jpg");
INSERT INTO `images` (`id`,`description`,`users_id`,`created_at`,`modified_at`,`filename`)
VALUES
(51,"lacus. Ut nec",1,"2015-04-13 03:32:49","2013-02-02 07:55:28","51.jpg"),
(52,"dolor dapibus gravida. Aliquam tincidunt, nunc ac mattis ornare,",1,"2015-06-19 01:41:37","2010-02-14 13:10:18","52.jpg"),
(53,"sollicitudin adipiscing ligula. Aenean gravida nunc",1,"2017-05-14 00:32:33","2013-05-08 15:09:09","53.jpg"),
(54,"et, rutrum non, hendrerit id, ante. Nunc",1,"2017-06-09 00:26:10","2015-06-04 00:28:47","54.jpg"),
(55,"ut quam vel sapien imperdiet ornare. In faucibus. Morbi",1,"2013-06-05 17:25:50","2018-04-16 02:55:41","55.jpg"),
(56,"vitae velit egestas lacinia. Sed congue, elit sed consequat auctor,",1,"2010-06-11 19:02:07","2013-03-27 01:40:45","56.jpg"),
(57,"iaculis quis, pede. Praesent eu dui. Cum sociis natoque penatibus",1,"2017-06-19 02:09:46","2012-04-04 23:18:17","57.jpg"),
(58,"Mauris quis turpis vitae purus gravida sagittis.",1,"2011-05-17 15:20:42","2015-07-16 11:49:00","58.jpg"),
(59,"gravida molestie arcu.",1,"2015-01-25 19:16:41","2019-01-16 11:55:52","59.jpg"),
(60,"orci. Donec nibh.",1,"2017-01-15 01:13:45","2013-05-09 08:04:05","60.jpg");
INSERT INTO `images` (`id`,`description`,`users_id`,`created_at`,`modified_at`,`filename`)
VALUES
(61,"cubilia Curae; Phasellus ornare. Fusce",2,"2018-09-11 13:19:59","2015-09-09 17:45:07","61.jpg"),
(62,"metus eu erat semper rutrum. Fusce",2,"2015-09-28 12:37:45","2016-12-09 17:08:36","62.jpg"),
(63,"quis turpis vitae purus gravida sagittis. Duis",2,"2017-06-10 06:54:10","2015-04-09 23:39:48","63.jpg"),
(64,"sit amet massa. Quisque porttitor eros",2,"2011-12-29 22:53:23","2016-01-05 08:05:24","64.jpg"),
(65,"augue malesuada malesuada. Integer id",2,"2013-05-30 10:56:49","2015-04-02 13:55:26","65.jpg"),
(66,"aliquet molestie tellus. Aenean egestas hendrerit neque. In",2,"2014-05-15 16:05:19","2011-05-04 21:18:36","66.jpg"),
(67,"pellentesque eget, dictum placerat, augue.",2,"2013-08-11 18:01:26","2013-01-23 17:11:16","67.jpg"),
(68,"egestas ligula. Nullam",2,"2018-01-24 17:34:36","2018-09-24 01:55:44","68.jpg"),
(69,"ligula tortor, dictum eu, placerat",2,"2014-08-19 11:02:25","2018-05-21 13:22:33","69.jpg"),
(70,"consectetuer adipiscing elit. Curabitur sed tortor.",2,"2015-10-03 21:40:37","2015-10-19 12:20:30","70.jpg");
INSERT INTO `images` (`id`,`description`,`users_id`,`created_at`,`modified_at`,`filename`)
VALUES
(71,"magna, malesuada vel, convallis in, cursus et, eros. Proin ultrices.",3,"2010-01-23 12:31:31","2013-06-24 20:27:05","71.jpg"),
(72,"id, ante. Nunc mauris",3,"2018-05-19 13:03:31","2010-06-24 06:04:07","72.jpg"),
(73,"cursus. Nunc mauris",3,"2010-01-24 04:11:57","2018-06-27 13:13:31","73.jpg"),
(74,"consequat, lectus sit amet luctus vulputate, nisi sem semper erat,",3,"2011-10-05 04:31:20","2017-04-01 06:18:17","74.jpg"),
(75,"massa lobortis ultrices. Vivamus rhoncus. Donec",3,"2016-03-14 09:21:46","2015-01-17 10:10:05","75.jpg"),
(76,"Fusce mi lorem,",3,"2017-02-19 22:34:46","2015-03-15 19:54:37","76.jpg"),
(77,"est tempor bibendum. Donec felis",3,"2016-02-28 10:39:36","2015-10-13 02:57:35","77.jpg"),
(78,"sit amet orci. Ut sagittis",3,"2010-09-04 21:27:43","2013-12-31 19:07:17","78.jpg"),
(79,"magna tellus faucibus",3,"2011-12-28 14:33:56","2016-11-15 01:44:16","79.jpg"),
(80,"porttitor tellus non magna.",3,"2013-04-19 09:39:13","2010-05-20 08:38:06","80.jpg");
INSERT INTO `images` (`id`,`description`,`users_id`,`created_at`,`modified_at`,`filename`)
VALUES
(81,"nec quam. Curabitur vel",4,"2014-05-09 01:19:05","2010-11-04 07:07:30","81.jpg"),
(82,"consequat auctor, nunc nulla",4,"2011-05-30 08:35:19","2011-02-22 06:31:19","82.jpg"),
(83,"magna. Phasellus dolor elit, pellentesque",4,"2012-07-15 17:46:37","2014-10-26 18:01:14","83.jpg"),
(84,"eu, accumsan sed, facilisis vitae, orci. Phasellus dapibus",4,"2011-04-30 07:49:41","2018-03-25 12:53:36","84.jpg"),
(85,"lacinia mattis. Integer eu lacus. Quisque imperdiet, erat nonummy ultricies",4,"2018-08-28 07:38:25","2012-07-14 08:18:33","85.jpg"),
(86,"convallis dolor. Quisque tincidunt pede ac urna.",4,"2014-01-04 11:13:11","2011-03-04 03:59:01","86.jpg"),
(87,"sit amet, consectetuer adipiscing elit.",4,"2018-04-07 05:54:55","2017-04-25 03:23:07","87.jpg"),
(88,"ornare placerat, orci lacus vestibulum lorem, sit amet ultricies",4,"2012-12-23 19:27:37","2010-04-06 03:39:39","88.jpg"),
(89,"in, cursus et, eros. Proin ultrices.",4,"2017-10-05 20:28:28","2011-02-13 18:58:32","89.jpg"),
(90,"aliquet odio. Etiam ligula tortor, dictum eu, placerat eget,",4,"2010-04-18 04:17:15","2013-11-26 08:29:10","90.jpg");
INSERT INTO `images` (`id`,`description`,`users_id`,`created_at`,`modified_at`,`filename`)
VALUES
(91,"ultricies ornare, elit elit fermentum risus, at",5,"2010-03-16 18:08:07","2015-01-27 13:06:15","91.jpg"),
(92,"quam. Curabitur vel lectus. Cum",5,"2016-02-03 02:58:30","2011-01-30 07:22:05","92.jpg"),
(93,"est, vitae sodales nisi magna",5,"2013-02-17 03:36:48","2011-04-21 02:06:38","93.jpg"),
(94,"feugiat. Sed nec metus",5,"2012-10-24 20:52:45","2014-06-18 04:06:35","94.jpg"),
(95,"magna. Praesent interdum ligula eu enim. Etiam imperdiet dictum magna.",5,"2016-09-01 05:40:00","2011-03-09 01:08:07","95.jpg"),
(96,"at sem molestie",5,"2012-06-17 21:06:48","2015-01-12 23:36:49","96.jpg"),
(97,"arcu ac orci.",5,"2013-05-19 19:57:09","2015-04-19 19:58:02","97.jpg"),
(98,"Aliquam tincidunt, nunc ac mattis ornare, lectus ante dictum mi,",5,"2015-06-22 10:35:50","2018-09-01 11:03:15","98.jpg"),
(99,"Nulla facilisis. Suspendisse commodo tincidunt",5,"2010-05-24 12:36:27","2017-08-30 05:41:31","99.jpg"),
(100,"amet ornare lectus justo",5,"2013-02-08 22:59:08","2012-08-13 19:32:58","100.jpg");

-- -----------------------------------------------------
-- Table `comments`
-- -----------------------------------------------------

INSERT INTO `comments` (`id`,`users_id`,`images_id`,`comment`,`created_at`)
VALUES
(1,1,1,"Commentaire de test","2010-01-27 13:06:15"),
(2,2,1,"Commentaire de test","2011-01-27 13:06:15"),
(3,3,1,"Commentaire de test","2012-01-27 13:06:15"),
(4,4,1,"Commentaire de test","2013-01-27 13:06:15"),
(5,5,1,"Commentaire de test","2014-01-27 13:06:15"),
(6,1,1,"Commentaire de test","2015-01-27 13:06:15"),
(7,2,1,"Commentaire de test","2016-01-27 13:06:15"),
(8,3,1,"Commentaire de test","2017-01-27 13:06:15"),
(9,4,1,"Commentaire de test","2018-01-27 13:06:15"),
(10,5,1,"Commentaire de test","2019-01-27 13:06:15"),
(11,1,2,"Commentaire de test","2010-01-27 13:06:15"),
(12,2,2,"Commentaire de test","2011-01-27 13:06:15"),
(13,2,2,"Commentaire de test","2012-01-27 13:06:15"),
(14,3,2,"Commentaire de test","2013-01-27 13:06:15"),
(15,4,2,"Commentaire de test","2014-01-27 13:06:15");

SET SQL_MODE=@OLD_SQL_MODE;
SET FOREIGN_KEY_CHECKS=@OLD_FOREIGN_KEY_CHECKS;
SET UNIQUE_CHECKS=@OLD_UNIQUE_CHECKS;
